[
  {
    "title": "@@form.colorPicker.editcolorPicker@@",
    "properties": [
      {
        "name": "id",
        "label": "@@form.colorPicker.id@@",
        "type": "TextField",
        "required": "True",
        "regex_validation": "^[a-zA-Z0-9_]+$",
        "validation_message": "@@form.colorPicker.invalidId@@"
      },
      {
        "name": "label",
        "label": "@@form.colorPicker.label@@",
        "type": "TextField",
        "required": "True",
        "value": "Color Picker"
      }
    ]
  },
  {
    "title": "@@form.colorPicker.advancedOptions@@",
    "properties": [
      {
        "label": "@@form.colorPicker.data@@",
        "type": "header"
      },
      {
        "name": "value",
        "label": "@@form.colorPicker.value@@",
        "type": "TextField"
      },
      {
        "name": "maxlength",
        "label": "@@form.colorPicker.maxlength@@",
        "type": "TextField"
      },
      {
        "name": "validator",
        "label": "@@form.colorPicker.validator@@",
        "type": "elementselect",
        "options_ajax": "[CONTEXT_PATH]/web/property/json/getElements?classname=org.joget.apps.form.model.FormValidator",
        "url": "[CONTEXT_PATH]/web/property/json[APP_PATH]/getPropertyOptions"
      },
      {
        "label": "@@form.colorPicker.ui@@",
        "type": "header"
      },
      {
        "name": "readonly",
        "label": "@@form.colorPicker.readonly@@",
        "type": "CheckBox",
        "value": "False",
        "options": [
          {
            "value": "true",
            "label": ""
          }
        ]
      },
      {
        "name": "readonlyLabel",
        "label": "@@form.colorPicker.readonlyLabel@@",
        "type": "CheckBox",
        "value": "False",
        "options": [
          {
            "value": "true",
            "label": ""
          }
        ]
      }
    ]
  }
]